{"bbox_iou": [0.4522964060306549, 0.518812894821167, 0.5330334305763245, 0.5400621891021729, 0.542853057384491, 0.544026792049408, 0.548639178276062, 0.5511360168457031, 0.5570387840270996, 0.559374988079071, 0.56202632188797, 0.5641619563102722, 0.5673593878746033, 0.5672658085823059, 0.5679723024368286, 0.5646112561225891, 0.5651121735572815, 0.5669267177581787, 0.5681753754615784, 0.5686333179473877, 0.572745680809021, 0.5720779299736023, 0.5728431940078735, 0.5735669732093811, 0.5736270546913147, 0.5761061310768127, 0.5782914161682129, 0.5777988433837891, 0.5810844898223877, 0.5787767767906189, 0.5803897380828857, 0.5806750059127808, 0.5808207988739014, 0.5801576972007751, 0.5799804925918579, 0.5747028589248657, 0.5771195292472839, 0.5791423916816711, 0.5767137408256531, 0.5770862698554993, 0.5797151923179626, 0.5796600580215454, 0.5795178413391113, 0.5800788998603821, 0.5810374617576599, 0.582408607006073, 0.5825063586235046, 0.5809193253517151, 0.582495391368866, 0.5831542611122131, 0.5833184719085693, 0.5839071273803711, 0.5852382779121399, 0.5835468173027039, 0.5856850743293762, 0.5857065320014954, 0.5862324833869934, 0.5845800042152405, 0.5881308913230896, 0.5867336392402649, 0.5865466594696045, 0.5877091884613037, 0.5896294116973877, 0.5885311365127563, 0.5894629955291748, 0.5889841914176941, 0.5893108248710632, 0.5898476243019104, 0.5908665657043457, 0.5905846953392029, 0.5894820094108582, 0.591611385345459, 0.5907127261161804, 0.5903554558753967, 0.5903543829917908, 0.5867263078689575, 0.5861877799034119, 0.5845411419868469, 0.585277795791626, 0.5851040482521057], "bbox_loss": [0.06207791343331337, 0.037821751087903976, 0.03500829264521599, 0.033478111028671265, 0.03297378122806549, 0.03276650607585907, 0.032016195356845856, 0.031435173004865646, 0.030455149710178375, 0.029858089983463287, 0.02931525930762291, 0.029059309512376785, 0.028432339429855347, 0.02834475040435791, 0.028211234137415886, 0.0291038379073143, 0.029116742312908173, 0.02850806899368763, 0.028413468971848488, 0.028438912704586983, 0.02775501273572445, 0.027794508263468742, 0.02754802443087101, 0.027368733659386635, 0.027375662699341774, 0.027075190097093582, 0.026665961369872093, 0.02671770006418228, 0.026090657338500023, 0.02657434716820717, 0.026337476447224617, 0.02615632675588131, 0.025936167687177658, 0.02624598518013954, 0.026317043229937553, 0.02732122875750065, 0.026997575536370277, 0.026515288278460503, 0.026900887489318848, 0.02695891447365284, 0.026386581361293793, 0.02648330293595791, 0.02643320895731449, 0.026378998532891273, 0.02626737207174301, 0.026075992733240128, 0.02605021744966507, 0.02621491439640522, 0.02589227259159088, 0.025844743475317955, 0.025745153427124023, 0.025661790743470192, 0.02554253302514553, 0.02579723857343197, 0.025342795997858047, 0.02536541037261486, 0.02528209611773491, 0.025593113154172897, 0.025023579597473145, 0.02505798451602459, 0.025146959349513054, 0.025022810325026512, 0.02478949911892414, 0.024909505620598793, 0.024764925241470337, 0.024660255759954453, 0.024702949449419975, 0.024753184989094734, 0.02451745979487896, 0.024567347019910812, 0.024818411096930504, 0.02432059310376644, 0.024546734988689423, 0.024463606998324394, 0.02470306120812893, 0.02526126801967621, 0.025565458461642265, 0.025633281096816063, 0.02552829124033451, 0.025630345568060875], "class_probs_accuracy": [0.11544878035783768, 0.32115447521209717, 0.4481147825717926, 0.522022008895874, 0.5578912496566772, 0.5211878418922424, 0.5720720887184143, 0.6061061024665833, 0.6297964453697205, 0.6539873480796814, 0.6798465251922607, 0.6893560290336609, 0.7012012004852295, 0.7120453715324402, 0.7225558757781982, 0.6916916966438293, 0.6981981992721558, 0.7017017006874084, 0.7262262105941772, 0.7364030480384827, 0.7552552819252014, 0.7500834465026855, 0.767600953578949, 0.7696029543876648, 0.7714381217956543, 0.7876209616661072, 0.7881214618682861, 0.7987987995147705, 0.7911244630813599, 0.8063063025474548, 0.819486141204834, 0.8171504735946655, 0.819486141204834, 0.8191524744033813, 0.8248248100280762, 0.7881214618682861, 0.7957957983016968, 0.8024691343307495, 0.8094761371612549, 0.8139806389808655, 0.8196529746055603, 0.8196529746055603, 0.8303303122520447, 0.8303303122520447, 0.8308308124542236, 0.837837815284729, 0.8430096507072449, 0.8376709818840027, 0.8435101509094238, 0.8560227155685425, 0.8523523807525635, 0.8623623847961426, 0.8576910495758057, 0.8630297183990479, 0.865699052810669, 0.8738738894462585, 0.8755422234535217, 0.8763763904571533, 0.8797130584716797, 0.8795462250709534, 0.8800467252731323, 0.8862195611000061, 0.8800467252731323, 0.8857190608978271, 0.8902235627174377, 0.895061731338501, 0.8960627317428589, 0.8978978991508484, 0.8895562291145325, 0.8935602307319641, 0.8847180604934692, 0.8915582299232483, 0.8910577297210693, 0.8897230625152588, 0.8902235627174377, 0.8765432238578796, 0.8797130584716797, 0.8843843936920166, 0.8792125582695007, 0.8818818926811218], "class_probs_loss": [4.5646443367004395, 3.1384034156799316, 2.4418342113494873, 2.155207872390747, 2.0250866413116455, 1.95681893825531, 1.720703125, 1.5728265047073364, 1.443626046180725, 1.3537558317184448, 1.2785536050796509, 1.2351266145706177, 1.2069761753082275, 1.18132483959198, 1.1584889888763428, 1.2031487226486206, 1.152113676071167, 1.0939525365829468, 1.06307852268219, 1.012735366821289, 0.9746683239936829, 0.9315859079360962, 0.9027990698814392, 0.8856044411659241, 0.865986168384552, 0.8349665403366089, 0.8295021057128906, 0.8047911524772644, 0.801820695400238, 0.7784055471420288, 0.7503433227539062, 0.7532920241355896, 0.7239218354225159, 0.7362598776817322, 0.7308158874511719, 0.7883787751197815, 0.7552565932273865, 0.7410037517547607, 0.7209492325782776, 0.7063650488853455, 0.6792507767677307, 0.6838143467903137, 0.6649374961853027, 0.6428860425949097, 0.643500566482544, 0.6266317367553711, 0.6109177470207214, 0.6056696772575378, 0.5984843373298645, 0.5573093891143799, 0.574393630027771, 0.548661470413208, 0.5461254715919495, 0.5267516374588013, 0.5324243903160095, 0.514559805393219, 0.5155164003372192, 0.5157914757728577, 0.4883766174316406, 0.4927510917186737, 0.48778557777404785, 0.4764241576194763, 0.4794485569000244, 0.48057544231414795, 0.4577823281288147, 0.4537462592124939, 0.4452880024909973, 0.4408721923828125, 0.4574826955795288, 0.4320557713508606, 0.4593621492385864, 0.450002521276474, 0.4425661265850067, 0.44806110858917236, 0.44394826889038086, 0.48484647274017334, 0.4709230065345764, 0.4686644673347473, 0.4625492990016937, 0.44938939809799194], "class_probs_top_100": [0.8738738894462585, 0.9949949979782104, 0.9989989995956421, 0.9988321661949158, 0.9988321661949158, 0.9989989995956421, 0.999499499797821, 0.999499499797821, 0.9991658329963684, 0.9993326663970947, 0.999499499797821, 0.9998331665992737, 1.0, 0.9996663331985474, 1.0, 0.9996663331985474, 0.9998331665992737, 1.0, 0.9996663331985474, 0.9998331665992737, 0.9996663331985474, 0.9998331665992737, 1.0, 1.0, 0.9998331665992737, 0.9998331665992737, 1.0, 0.9998331665992737, 1.0, 1.0, 1.0, 0.9998331665992737, 1.0, 1.0, 1.0, 1.0, 1.0, 1.0, 1.0, 1.0, 1.0, 1.0, 1.0, 1.0, 1.0, 1.0, 1.0, 1.0, 0.9996663331985474, 1.0, 0.9996663331985474, 0.9998331665992737, 1.0, 1.0, 0.9996663331985474, 1.0, 1.0, 1.0, 0.9996663331985474, 1.0, 1.0, 0.9998331665992737, 1.0, 1.0, 1.0, 1.0, 1.0, 1.0, 1.0, 1.0, 1.0, 1.0, 1.0, 1.0, 1.0, 1.0, 1.0, 1.0, 1.0, 1.0],